<?xml version='1.0' encoding='utf-8'?>
<!-- $Revision: 1.1 $ -->
<!--
  Do NOT translate this file
-->
<!--
 FIXME: Add OOP goodness
-->
<versions>
 <function name='mysqli_affected_rows' from='PHP 5'/>
 <function name='mysqli_autocommit' from='PHP 5'/>
 <function name='mysqli_bind_param' from='PHP 5'/>
 <function name='mysqli_bind_result' from='PHP 5'/>
 <function name='mysqli_change_user' from='PHP 5'/>
 <function name='mysqli_character_set_name' from='PHP 5'/>
 <function name='mysqli_client_encoding' from='PHP 5'/>
 <function name='mysqli_close' from='PHP 5'/>
 <function name='mysqli_commit' from='PHP 5'/>
 <function name='mysqli_connect' from='PHP 5'/>
 <function name='mysqli_connect_errno' from='PHP 5'/>
 <function name='mysqli_connect_error' from='PHP 5'/>
 <function name='mysqli_data_seek' from='PHP 5'/>
 <function name='mysqli_debug' from='PHP 5'/>
 <function name='mysqli_disable_reads_from_master' from='PHP 5'/>
 <function name='mysqli_disable_rpl_parse' from='PHP 5'/>
 <function name='mysqli_dump_debug_info' from='PHP 5'/>
 <function name='mysqli_embedded_connect' from='PHP 5 &lt;= 5.0.5'/>
 <function name='mysqli_embedded_server_end' from='PHP 5 &gt;= 5.1.0'/>
 <function name='mysqli_embedded_server_start' from='PHP 5 &gt;= 5.1.0'/>
 <function name='mysqli_enable_reads_from_master' from='PHP 5'/>
 <function name='mysqli_enable_rpl_parse' from='PHP 5'/>
 <function name='mysqli_errno' from='PHP 5'/>
 <function name='mysqli_error' from='PHP 5'/>
 <function name='mysqli_escape_string' from='PHP 5'/>
 <function name='mysqli_execute' from='PHP 5'/>
 <function name='mysqli_fetch' from='PHP 5'/>
 <function name='mysqli_fetch_array' from='PHP 5'/>
 <function name='mysqli_fetch_assoc' from='PHP 5'/>
 <function name='mysqli_fetch_field' from='PHP 5'/>
 <function name='mysqli_fetch_field_direct' from='PHP 5'/>
 <function name='mysqli_fetch_fields' from='PHP 5'/>
 <function name='mysqli_fetch_lengths' from='PHP 5'/>
 <function name='mysqli_fetch_object' from='PHP 5'/>
 <function name='mysqli_fetch_row' from='PHP 5'/>
 <function name='mysqli_field_count' from='PHP 5'/>
 <function name='mysqli_field_seek' from='PHP 5'/>
 <function name='mysqli_field_tell' from='PHP 5'/>
 <function name='mysqli_free_result' from='PHP 5'/>
 <function name='mysqli_get_charset' from='PHP 5 &gt;= 5.1.0'/>
 <function name='mysqli_get_client_info' from='PHP 5'/>
 <function name='mysqli_get_client_version' from='PHP 5'/>
 <function name='mysqli_get_host_info' from='PHP 5'/>
 <function name='mysqli_get_metadata' from='PHP 5'/>
 <function name='mysqli_get_proto_info' from='PHP 5'/>
 <function name='mysqli_get_server_info' from='PHP 5'/>
 <function name='mysqli_get_server_version' from='PHP 5'/>
 <function name='mysqli_get_warnings' from='PHP 5 &gt;= 5.1.0'/>
 <function name='mysqli_info' from='PHP 5'/>
 <function name='mysqli_init' from='PHP 5'/>
 <function name='mysqli_insert_id' from='PHP 5'/>
 <function name='mysqli_kill' from='PHP 5'/>
 <function name='mysqli_master_query' from='PHP 5'/>
 <function name='mysqli_more_results' from='PHP 5'/>
 <function name='mysqli_multi_query' from='PHP 5'/>
 <function name='mysqli_next_result' from='PHP 5'/>
 <function name='mysqli_num_fields' from='PHP 5'/>
 <function name='mysqli_num_rows' from='PHP 5'/>
 <function name='mysqli_options' from='PHP 5'/>
 <function name='mysqli_param_count' from='PHP 5'/>
 <function name='mysqli_ping' from='PHP 5'/>
 <function name='mysqli_prepare' from='PHP 5'/>
 <function name='mysqli_query' from='PHP 5'/>
 <function name='mysqli_real_connect' from='PHP 5'/>
 <function name='mysqli_real_escape_string' from='PHP 5'/>
 <function name='mysqli_real_query' from='PHP 5'/>
 <function name='mysqli_report' from='PHP 5'/>
 <function name='mysqli_rollback' from='PHP 5'/>
 <function name='mysqli_rpl_parse_enabled' from='PHP 5'/>
 <function name='mysqli_rpl_probe' from='PHP 5'/>
 <function name='mysqli_rpl_query_type' from='PHP 5'/>
 <function name='mysqli_select_db' from='PHP 5'/>
 <function name='mysqli_send_long_data' from='PHP 5'/>
 <function name='mysqli_send_query' from='PHP 5'/>
 <function name='mysqli_server_end' from='PHP 5 &lt;= 5.0.5'/>
 <function name='mysqli_server_init' from='PHP 5 &lt;= 5.0.5'/>
 <function name='mysqli_set_charset' from='PHP 5 &gt;= 5.0.5'/>
 <function name='mysqli_set_local_infile_default' from='PHP 5'/>
 <function name='mysqli_set_local_infile_handler' from='PHP 5'/>
 <function name='mysqli_set_opt' from='PHP 5'/>
 <function name='mysqli_slave_query' from='PHP 5'/>
 <function name='mysqli_sqlstate' from='PHP 5'/>
 <function name='mysqli_ssl_set' from='PHP 5'/>
 <function name='mysqli_stat' from='PHP 5'/>
 <function name='mysqli_stmt_affected_rows' from='PHP 5'/>
 <function name='mysqli_stmt_attr_get' from='PHP 5'/>
 <function name='mysqli_stmt_attr_set' from='PHP 5'/>
 <function name='mysqli_stmt_bind_param' from='PHP 5'/>
 <function name='mysqli_stmt_bind_result' from='PHP 5'/>
 <function name='mysqli_stmt_close' from='PHP 5'/>
 <function name='mysqli_stmt_data_seek' from='PHP 5'/>
 <function name='mysqli_stmt_errno' from='PHP 5'/>
 <function name='mysqli_stmt_error' from='PHP 5'/>
 <function name='mysqli_stmt_execute' from='PHP 5'/>
 <function name='mysqli_stmt_fetch' from='PHP 5'/>
 <function name='mysqli_stmt_field_count' from='PHP 5'/>
 <function name='mysqli_stmt_free_result' from='PHP 5'/>
 <function name='mysqli_stmt_get_warnings' from='PHP 5 &gt;= 5.1.0'/>
 <function name='mysqli_stmt_init' from='PHP 5'/>
 <function name='mysqli_stmt_insert_id' from='PHP 5'/>
 <function name='mysqli_stmt_num_rows' from='PHP 5'/>
 <function name='mysqli_stmt_param_count' from='PHP 5'/>
 <function name='mysqli_stmt_prepare' from='PHP 5'/>
 <function name='mysqli_stmt_reset' from='PHP 5'/>
 <function name='mysqli_stmt_result_metadata' from='PHP 5'/>
 <function name='mysqli_stmt_send_long_data' from='PHP 5'/>
 <function name='mysqli_stmt_sqlstate' from='PHP 5'/>
 <function name='mysqli_stmt_store_result' from='PHP 5'/>
 <function name='mysqli_store_result' from='PHP 5'/>
 <function name='mysqli_thread_id' from='PHP 5'/>
 <function name='mysqli_thread_safe' from='PHP 5'/>
 <function name='mysqli_use_result' from='PHP 5'/>
 <function name='mysqli_warning_count' from='PHP 5'/>
</versions>

<!-- Keep this comment at the end of the file
Local variables:
mode: sgml
sgml-omittag:t
sgml-shorttag:t
sgml-minimize-attributes:nil
sgml-always-quote-attributes:t
sgml-indent-step:1
sgml-indent-data:t
indent-tabs-mode:nil
sgml-parent-document:nil
sgml-default-dtd-file:"../../../manual.ced"
sgml-exposed-tags:nil
sgml-local-catalogs:nil
sgml-local-ecat-files:nil
End:
vim600: syn=xml fen fdm=syntax fdl=2 si
vim: et tw=78 syn=sgml
vi: ts=1 sw=1
-->