<?xml version='1.0' encoding='utf-8'?>
<!-- $Revision: 1.1 $ -->
<!--
  Do NOT translate this file
-->
<versions>
 <function name='xml_error_string' from='PHP 4, PHP 5'/>
 <function name='xml_get_current_byte_index' from='PHP 4, PHP 5'/>
 <function name='xml_get_current_column_number' from='PHP 4, PHP 5'/>
 <function name='xml_get_current_line_number' from='PHP 4, PHP 5'/>
 <function name='xml_get_error_code' from='PHP 4, PHP 5'/>
 <function name='xml_parse' from='PHP 4, PHP 5'/>
 <function name='xml_parse_into_struct' from='PHP 4, PHP 5'/>
 <function name='xml_parser_create' from='PHP 4, PHP 5'/>
 <function name='xml_parser_create_ns' from='PHP 4 &gt;= 4.0.5, PHP 5'/>
 <function name='xml_parser_free' from='PHP 4, PHP 5'/>
 <function name='xml_parser_get_option' from='PHP 4, PHP 5'/>
 <function name='xml_parser_set_option' from='PHP 4, PHP 5'/>
 <function name='xml_set_character_data_handler' from='PHP 4, PHP 5'/>
 <function name='xml_set_default_handler' from='PHP 4, PHP 5'/>
 <function name='xml_set_element_handler' from='PHP 4, PHP 5'/>
 <function name='xml_set_end_namespace_decl_handler' from='PHP 4 &gt;= 4.0.5, PHP 5'/>
 <function name='xml_set_external_entity_ref_handler' from='PHP 4, PHP 5'/>
 <function name='xml_set_notation_decl_handler' from='PHP 4, PHP 5'/>
 <function name='xml_set_object' from='PHP 4, PHP 5'/>
 <function name='xml_set_processing_instruction_handler' from='PHP 4, PHP 5'/>
 <function name='xml_set_start_namespace_decl_handler' from='PHP 4 &gt;= 4.0.5, PHP 5'/>
 <function name='xml_set_unparsed_entity_decl_handler' from='PHP 4, PHP 5'/>
</versions>

<!-- Keep this comment at the end of the file
Local variables:
mode: sgml
sgml-omittag:t
sgml-shorttag:t
sgml-minimize-attributes:nil
sgml-always-quote-attributes:t
sgml-indent-step:1
sgml-indent-data:t
indent-tabs-mode:nil
sgml-parent-document:nil
sgml-default-dtd-file:"../../../manual.ced"
sgml-exposed-tags:nil
sgml-local-catalogs:nil
sgml-local-ecat-files:nil
End:
vim600: syn=xml fen fdm=syntax fdl=2 si
vim: et tw=78 syn=sgml
vi: ts=1 sw=1
-->