<?xml version='1.0' encoding='utf-8'?>
<!-- $Revision: 1.1 $ -->
<!--
  Do NOT translate this file
-->
<versions>
 <function name='pg_affected_rows' from='PHP 4 &gt;= 4.2.0, PHP 5'/>
 <function name='pg_cancel_query' from='PHP 4 &gt;= 4.2.0, PHP 5'/>
 <function name='pg_client_encoding' from='PHP 4 &gt;= 4.0.3, PHP 5'/>
 <function name='pg_clientencoding' from='PHP 4 &gt;= 4.0.2, PHP 5'/>
 <function name='pg_close' from='PHP 4, PHP 5'/>
 <function name='pg_cmdtuples' from='PHP 4, PHP 5'/>
 <function name='pg_connect' from='PHP 4, PHP 5'/>
 <function name='pg_connection_busy' from='PHP 4 &gt;= 4.2.0, PHP 5'/>
 <function name='pg_connection_reset' from='PHP 4 &gt;= 4.2.0, PHP 5'/>
 <function name='pg_connection_status' from='PHP 4 &gt;= 4.2.0, PHP 5'/>
 <function name='pg_convert' from='PHP 4 &gt;= 4.3.0, PHP 5'/>
 <function name='pg_copy_from' from='PHP 4 &gt;= 4.2.0, PHP 5'/>
 <function name='pg_copy_to' from='PHP 4 &gt;= 4.2.0, PHP 5'/>
 <function name='pg_dbname' from='PHP 4, PHP 5'/>
 <function name='pg_delete' from='PHP 4 &gt;= 4.3.0, PHP 5'/>
 <function name='pg_end_copy' from='PHP 4 &gt;= 4.0.3, PHP 5'/>
 <function name='pg_errormessage' from='PHP 4, PHP 5'/>
 <function name='pg_escape_bytea' from='PHP 4 &gt;= 4.2.0, PHP 5'/>
 <function name='pg_escape_string' from='PHP 4 &gt;= 4.2.0, PHP 5'/>
 <function name='pg_exec' from='PHP 4, PHP 5'/>
 <function name='pg_execute' from='PHP 5 &gt;= 5.1.0'/>
 <function name='pg_fetch_all' from='PHP 4 &gt;= 4.3.0, PHP 5'/>
 <function name='pg_fetch_all_columns' from='PHP 5 &gt;= 5.1.0'/>
 <function name='pg_fetch_array' from='PHP 4, PHP 5'/>
 <function name='pg_fetch_assoc' from='PHP 4 &gt;= 4.3.0, PHP 5'/>
 <function name='pg_fetch_object' from='PHP 4, PHP 5'/>
 <function name='pg_fetch_result' from='PHP 4 &gt;= 4.2.0, PHP 5'/>
 <function name='pg_fetch_row' from='PHP 4, PHP 5'/>
 <function name='pg_fetchrow' from='PHP 4 &lt;= 4.0.0'/>
 <function name='pg_field_is_null' from='PHP 4 &gt;= 4.2.0, PHP 5'/>
 <function name='pg_field_name' from='PHP 4 &gt;= 4.2.0, PHP 5'/>
 <function name='pg_field_num' from='PHP 4 &gt;= 4.2.0, PHP 5'/>
 <function name='pg_field_prtlen' from='PHP 4 &gt;= 4.2.0, PHP 5'/>
 <function name='pg_field_size' from='PHP 4 &gt;= 4.2.0, PHP 5'/>
 <function name='pg_field_table' from='PHP 5 &gt;= 5.2.0'/>
 <function name='pg_field_type' from='PHP 4 &gt;= 4.2.0, PHP 5'/>
 <function name='pg_field_type_oid' from='PHP 5 &gt;= 5.1.0'/>
 <function name='pg_fieldisnull' from='PHP 4, PHP 5'/>
 <function name='pg_fieldname' from='PHP 4, PHP 5'/>
 <function name='pg_fieldnum' from='PHP 4, PHP 5'/>
 <function name='pg_fieldprtlen' from='PHP 4, PHP 5'/>
 <function name='pg_fieldsize' from='PHP 4, PHP 5'/>
 <function name='pg_fieldtype' from='PHP 4, PHP 5'/>
 <function name='pg_free_result' from='PHP 4 &gt;= 4.2.0, PHP 5'/>
 <function name='pg_freeresult' from='PHP 4, PHP 5'/>
 <function name='pg_get_notify' from='PHP 4 &gt;= 4.3.0, PHP 5'/>
 <function name='pg_get_pid' from='PHP 4 &gt;= 4.3.0, PHP 5'/>
 <function name='pg_get_result' from='PHP 4 &gt;= 4.2.0, PHP 5'/>
 <function name='pg_getlastoid' from='PHP 4, PHP 5'/>
 <function name='pg_host' from='PHP 4, PHP 5'/>
 <function name='pg_insert' from='PHP 4 &gt;= 4.3.0, PHP 5'/>
 <function name='pg_last_error' from='PHP 4 &gt;= 4.2.0, PHP 5'/>
 <function name='pg_last_notice' from='PHP 4 &gt;= 4.0.6, PHP 5'/>
 <function name='pg_last_oid' from='PHP 4 &gt;= 4.2.0, PHP 5'/>
 <function name='pg_lo_close' from='PHP 4 &gt;= 4.2.0, PHP 5'/>
 <function name='pg_lo_create' from='PHP 4 &gt;= 4.2.0, PHP 5'/>
 <function name='pg_lo_export' from='PHP 4 &gt;= 4.2.0, PHP 5'/>
 <function name='pg_lo_import' from='PHP 4 &gt;= 4.2.0, PHP 5'/>
 <function name='pg_lo_open' from='PHP 4 &gt;= 4.2.0, PHP 5'/>
 <function name='pg_lo_read' from='PHP 4 &gt;= 4.2.0, PHP 5'/>
 <function name='pg_lo_read_all' from='PHP 4 &gt;= 4.2.0, PHP 5'/>
 <function name='pg_lo_seek' from='PHP 4 &gt;= 4.2.0, PHP 5'/>
 <function name='pg_lo_tell' from='PHP 4 &gt;= 4.2.0, PHP 5'/>
 <function name='pg_lo_unlink' from='PHP 4 &gt;= 4.2.0, PHP 5'/>
 <function name='pg_lo_write' from='PHP 4 &gt;= 4.2.0, PHP 5'/>
 <function name='pg_loclose' from='PHP 4, PHP 5'/>
 <function name='pg_locreate' from='PHP 4, PHP 5'/>
 <function name='pg_loexport' from='PHP 4 &gt;= 4.0.1, PHP 5'/>
 <function name='pg_loimport' from='PHP 4 &gt;= 4.0.1, PHP 5'/>
 <function name='pg_loopen' from='PHP 4, PHP 5'/>
 <function name='pg_loread' from='PHP 4, PHP 5'/>
 <function name='pg_loreadall' from='PHP 4, PHP 5'/>
 <function name='pg_lounlink' from='PHP 4, PHP 5'/>
 <function name='pg_lowrite' from='PHP 4, PHP 5'/>
 <function name='pg_meta_data' from='PHP 4 &gt;= 4.3.0, PHP 5'/>
 <function name='pg_num_fields' from='PHP 4 &gt;= 4.2.0, PHP 5'/>
 <function name='pg_num_rows' from='PHP 4 &gt;= 4.2.0, PHP 5'/>
 <function name='pg_numfields' from='PHP 4, PHP 5'/>
 <function name='pg_numrows' from='PHP 4, PHP 5'/>
 <function name='pg_options' from='PHP 4, PHP 5'/>
 <function name='pg_parameter_status' from='PHP 5'/>
 <function name='pg_pconnect' from='PHP 4, PHP 5'/>
 <function name='pg_ping' from='PHP 4 &gt;= 4.3.0, PHP 5'/>
 <function name='pg_port' from='PHP 4, PHP 5'/>
 <function name='pg_prepare' from='PHP 5 &gt;= 5.1.0'/>
 <function name='pg_put_line' from='PHP 4 &gt;= 4.0.3, PHP 5'/>
 <function name='pg_query' from='PHP 4 &gt;= 4.2.0, PHP 5'/>
 <function name='pg_query_params' from='PHP 5 &gt;= 5.1.0'/>
 <function name='pg_result' from='PHP 4, PHP 5'/>
 <function name='pg_result_error' from='PHP 4 &gt;= 4.2.0, PHP 5'/>
 <function name='pg_result_error_field' from='PHP 5 &gt;= 5.1.0'/>
 <function name='pg_result_seek' from='PHP 4 &gt;= 4.3.0, PHP 5'/>
 <function name='pg_result_status' from='PHP 4 &gt;= 4.2.0, PHP 5'/>
 <function name='pg_select' from='PHP 4 &gt;= 4.3.0, PHP 5'/>
 <function name='pg_send_execute' from='PHP 5 &gt;= 5.1.0'/>
 <function name='pg_send_prepare' from='PHP 5 &gt;= 5.1.0'/>
 <function name='pg_send_query' from='PHP 4 &gt;= 4.2.0, PHP 5'/>
 <function name='pg_send_query_params' from='PHP 5 &gt;= 5.1.0'/>
 <function name='pg_set_client_encoding' from='PHP 4 &gt;= 4.0.3, PHP 5'/>
 <function name='pg_set_error_verbosity' from='PHP 5 &gt;= 5.1.0'/>
 <function name='pg_setclientencoding' from='PHP 4 &gt;= 4.0.2, PHP 5'/>
 <function name='pg_trace' from='PHP 4 &gt;= 4.0.1, PHP 5'/>
 <function name='pg_transaction_status' from='PHP 5 &gt;= 5.1.0'/>
 <function name='pg_tty' from='PHP 4, PHP 5'/>
 <function name='pg_unescape_bytea' from='PHP 4 &gt;= 4.3.0, PHP 5'/>
 <function name='pg_untrace' from='PHP 4 &gt;= 4.0.1, PHP 5'/>
 <function name='pg_update' from='PHP 4 &gt;= 4.3.0, PHP 5'/>
 <function name='pg_version' from='PHP 5'/>
</versions>

<!-- Keep this comment at the end of the file
Local variables:
mode: sgml
sgml-omittag:t
sgml-shorttag:t
sgml-minimize-attributes:nil
sgml-always-quote-attributes:t
sgml-indent-step:1
sgml-indent-data:t
indent-tabs-mode:nil
sgml-parent-document:nil
sgml-default-dtd-file:"../../../manual.ced"
sgml-exposed-tags:nil
sgml-local-catalogs:nil
sgml-local-ecat-files:nil
End:
vim600: syn=xml fen fdm=syntax fdl=2 si
vim: et tw=78 syn=sgml
vi: ts=1 sw=1
-->