<?xml version='1.0' encoding='utf-8'?>
<!-- $Revision: 1.1 $ -->
<!--
  Do NOT translate this file
-->
<versions>
 <function name='apache_child_terminate' from='PHP 4 &gt;= 4.0.5, PHP 5'/>
 <function name='apache_get_modules' from='PHP 4 &gt;= 4.3.2, PHP 5'/>
 <function name='apache_get_version' from='PHP 4 &gt;= 4.3.2, PHP 5'/>
 <function name='apache_getenv' from='PHP 4 &gt;= 4.3.0, PHP 5'/>
 <function name='apache_lookup_uri' from='PHP 4, PHP 5'/>
 <function name='apache_note' from='PHP 4, PHP 5'/>
 <function name='apache_request_headers' from='PHP 4 &gt;= 4.3.0, PHP 5'/>
 <function name='apache_reset_timeout' from='PHP 5 &gt;= 5.1.0'/>
 <function name='apache_response_headers' from='PHP 4 &gt;= 4.3.0, PHP 5'/>
 <function name='apache_setenv' from='PHP 4 &gt;= 4.2.0, PHP 5'/>
 <function name='apache_sub_req' from='PHP 4 &gt;= 4.0.4'/>
</versions>

<!-- Keep this comment at the end of the file
Local variables:
mode: sgml
sgml-omittag:t
sgml-shorttag:t
sgml-minimize-attributes:nil
sgml-always-quote-attributes:t
sgml-indent-step:1
sgml-indent-data:t
indent-tabs-mode:nil
sgml-parent-document:nil
sgml-default-dtd-file:"../../../manual.ced"
sgml-exposed-tags:nil
sgml-local-catalogs:nil
sgml-local-ecat-files:nil
End:
vim600: syn=xml fen fdm=syntax fdl=2 si
vim: et tw=78 syn=sgml
vi: ts=1 sw=1
-->