<?xml version='1.0' encoding='utf-8'?>
<!-- $Revision: 1.1 $ -->
<!--
  Do NOT translate this file
-->
<versions>
 <function name='mb_check_encoding' from='PHP 4 &gt;= 4.4.3, PHP 5 &gt;= 5.1.3'/>
 <function name='mb_convert_case' from='PHP 4 &gt;= 4.3.0, PHP 5'/>
 <function name='mb_convert_encoding' from='PHP 4 &gt;= 4.0.6, PHP 5'/>
 <function name='mb_convert_kana' from='PHP 4 &gt;= 4.0.6, PHP 5'/>
 <function name='mb_convert_variables' from='PHP 4 &gt;= 4.0.6, PHP 5'/>
 <function name='mb_decode_mimeheader' from='PHP 4 &gt;= 4.0.6, PHP 5'/>
 <function name='mb_decode_numericentity' from='PHP 4 &gt;= 4.0.6, PHP 5'/>
 <function name='mb_detect_encoding' from='PHP 4 &gt;= 4.0.6, PHP 5'/>
 <function name='mb_detect_order' from='PHP 4 &gt;= 4.0.6, PHP 5'/>
 <function name='mb_encode_mimeheader' from='PHP 4 &gt;= 4.0.6, PHP 5'/>
 <function name='mb_encode_numericentity' from='PHP 4 &gt;= 4.0.6, PHP 5'/>
 <function name='mb_ereg' from='PHP 4 &gt;= 4.2.0, PHP 5'/>
 <function name='mb_ereg_match' from='PHP 4 &gt;= 4.2.0, PHP 5'/>
 <function name='mb_ereg_replace' from='PHP 4 &gt;= 4.2.0, PHP 5'/>
 <function name='mb_ereg_search' from='PHP 4 &gt;= 4.2.0, PHP 5'/>
 <function name='mb_ereg_search_getpos' from='PHP 4 &gt;= 4.2.0, PHP 5'/>
 <function name='mb_ereg_search_getregs' from='PHP 4 &gt;= 4.2.0, PHP 5'/>
 <function name='mb_ereg_search_init' from='PHP 4 &gt;= 4.2.0, PHP 5'/>
 <function name='mb_ereg_search_pos' from='PHP 4 &gt;= 4.2.0, PHP 5'/>
 <function name='mb_ereg_search_regs' from='PHP 4 &gt;= 4.2.0, PHP 5'/>
 <function name='mb_ereg_search_setpos' from='PHP 4 &gt;= 4.2.0, PHP 5'/>
 <function name='mb_eregi' from='PHP 4 &gt;= 4.2.0, PHP 5'/>
 <function name='mb_eregi_replace' from='PHP 4 &gt;= 4.2.0, PHP 5'/>
 <function name='mb_get_info' from='PHP 4 &gt;= 4.2.0, PHP 5'/>
 <function name='mb_http_input' from='PHP 4 &gt;= 4.0.6, PHP 5'/>
 <function name='mb_http_output' from='PHP 4 &gt;= 4.0.6, PHP 5'/>
 <function name='mb_internal_encoding' from='PHP 4 &gt;= 4.0.6, PHP 5'/>
 <function name='mb_language' from='PHP 4 &gt;= 4.0.6, PHP 5'/>
 <function name='mb_list_encodings' from='PHP 5'/>
 <function name='mb_list_encodings_alias_names' from='PHP 5 &gt;= 5.2.0'/>
 <function name='mb_list_mime_names' from='PHP 5 &gt;= 5.2.0'/>
 <function name='mb_output_handler' from='PHP 4 &gt;= 4.0.6, PHP 5'/>
 <function name='mb_parse_str' from='PHP 4 &gt;= 4.0.6, PHP 5'/>
 <function name='mb_preferred_mime_name' from='PHP 4 &gt;= 4.0.6, PHP 5'/>
 <function name='mb_regex_encoding' from='PHP 4 &gt;= 4.2.0, PHP 5'/>
 <function name='mb_regex_set_options' from='PHP 4 &gt;= 4.3.0, PHP 5'/>
 <function name='mb_send_mail' from='PHP 4 &gt;= 4.0.6, PHP 5'/>
 <function name='mb_split' from='PHP 4 &gt;= 4.2.0, PHP 5'/>
 <function name='mb_strcut' from='PHP 4 &gt;= 4.0.6, PHP 5'/>
 <function name='mb_strimwidth' from='PHP 4 &gt;= 4.0.6, PHP 5'/>
 <function name='mb_stripos' from='PHP 5 &gt;= 5.2.0'/>
 <function name='mb_stristr' from='PHP 5 &gt;= 5.2.0'/>
 <function name='mb_strlen' from='PHP 4 &gt;= 4.0.6, PHP 5'/>
 <function name='mb_strpos' from='PHP 4 &gt;= 4.0.6, PHP 5'/>
 <function name='mb_strrchr' from='PHP 5 &gt;= 5.2.0'/>
 <function name='mb_strrichr' from='PHP 5 &gt;= 5.2.0'/>
 <function name='mb_strripos' from='PHP 5 &gt;= 5.2.0'/>
 <function name='mb_strrpos' from='PHP 4 &gt;= 4.0.6, PHP 5'/>
 <function name='mb_strstr' from='PHP 5 &gt;= 5.2.0'/>
 <function name='mb_strtolower' from='PHP 4 &gt;= 4.3.0, PHP 5'/>
 <function name='mb_strtoupper' from='PHP 4 &gt;= 4.3.0, PHP 5'/>
 <function name='mb_strwidth' from='PHP 4 &gt;= 4.0.6, PHP 5'/>
 <function name='mb_substitute_character' from='PHP 4 &gt;= 4.0.6, PHP 5'/>
 <function name='mb_substr' from='PHP 4 &gt;= 4.0.6, PHP 5'/>
 <function name='mb_substr_count' from='PHP 4 &gt;= 4.3.0, PHP 5'/>
 <function name='mbereg' from='PHP 4 &gt;= 4.2.0'/>
 <function name='mbereg_match' from='PHP 4 &gt;= 4.2.0'/>
 <function name='mbereg_replace' from='PHP 4 &gt;= 4.2.0'/>
 <function name='mbereg_search' from='PHP 4 &gt;= 4.2.0'/>
 <function name='mbereg_search_getpos' from='PHP 4 &gt;= 4.2.0'/>
 <function name='mbereg_search_getregs' from='PHP 4 &gt;= 4.2.0'/>
 <function name='mbereg_search_init' from='PHP 4 &gt;= 4.2.0'/>
 <function name='mbereg_search_pos' from='PHP 4 &gt;= 4.2.0'/>
 <function name='mbereg_search_regs' from='PHP 4 &gt;= 4.2.0'/>
 <function name='mbereg_search_setpos' from='PHP 4 &gt;= 4.2.0'/>
 <function name='mberegi' from='PHP 4 &gt;= 4.2.0'/>
 <function name='mberegi_replace' from='PHP 4 &gt;= 4.2.0'/>
 <function name='mbregex_encoding' from='PHP 4 &gt;= 4.2.0'/>
 <function name='mbsplit' from='PHP 4 &gt;= 4.2.0'/>
 <function name='mbstrcut' from='PHP 4 &gt;= 4.0.6'/>
 <function name='mbstrlen' from='PHP 4 &gt;= 4.0.6'/>
 <function name='mbstrpos' from='PHP 4 &gt;= 4.0.6'/>
 <function name='mbstrrpos' from='PHP 4 &gt;= 4.0.6'/>
 <function name='mbsubstr' from='PHP 4 &gt;= 4.0.6'/>
</versions>

<!-- Keep this comment at the end of the file
Local variables:
mode: sgml
sgml-omittag:t
sgml-shorttag:t
sgml-minimize-attributes:nil
sgml-always-quote-attributes:t
sgml-indent-step:1
sgml-indent-data:t
indent-tabs-mode:nil
sgml-parent-document:nil
sgml-default-dtd-file:"../../../manual.ced"
sgml-exposed-tags:nil
sgml-local-catalogs:nil
sgml-local-ecat-files:nil
End:
vim600: syn=xml fen fdm=syntax fdl=2 si
vim: et tw=78 syn=sgml
vi: ts=1 sw=1
-->