<?xml version='1.0' encoding='utf-8'?>
<!-- $Revision: 1.1 $ -->
<!--
  Do NOT translate this file
-->
<versions>
 <function name='xmlreader::close' from='PHP 5 &gt;= 5.1.2'/>
 <function name='xmlreader::expand' from='PHP 5 &gt;= 5.1.2'/>
 <function name='xmlreader::getattribute' from='PHP 5 &gt;= 5.1.2'/>
 <function name='xmlreader::getattributeno' from='PHP 5 &gt;= 5.1.2'/>
 <function name='xmlreader::getattributens' from='PHP 5 &gt;= 5.1.2'/>
 <function name='xmlreader::getparserproperty' from='PHP 5 &gt;= 5.1.2'/>
 <function name='xmlreader::isvalid' from='PHP 5 &gt;= 5.1.2'/>
 <function name='xmlreader::lookupnamespace' from='PHP 5 &gt;= 5.1.2'/>
 <function name='xmlreader::movetoattribute' from='PHP 5 &gt;= 5.1.2'/>
 <function name='xmlreader::movetoattributeno' from='PHP 5 &gt;= 5.1.2'/>
 <function name='xmlreader::movetoattributens' from='PHP 5 &gt;= 5.1.2'/>
 <function name='xmlreader::movetoelement' from='PHP 5 &gt;= 5.1.2'/>
 <function name='xmlreader::movetofirstattribute' from='PHP 5 &gt;= 5.1.2'/>
 <function name='xmlreader::movetonextattribute' from='PHP 5 &gt;= 5.1.2'/>
 <function name='xmlreader::next' from='PHP 5 &gt;= 5.1.2'/>
 <function name='xmlreader::open' from='PHP 5 &gt;= 5.1.2'/>
 <function name='xmlreader::read' from='PHP 5 &gt;= 5.1.2'/>
 <function name='xmlreader::readinnerxml' from='PHP 5 &gt;= 5.2.0'/>
 <function name='xmlreader::readouterxml' from='PHP 5 &gt;= 5.2.0'/>
 <function name='xmlreader::readstring' from='PHP 5 &gt;= 5.2.0'/>
 <function name='xmlreader::setparserproperty' from='PHP 5 &gt;= 5.1.2'/>
 <function name='xmlreader::setrelaxngschema' from='PHP 5 &gt;= 5.2.0'/>
 <function name='xmlreader::setrelaxngschemasource' from='PHP 5 &gt;= 5.1.2'/>
 <function name='xmlreader::setschema' from='PHP 5 &gt;= 5.2.0'/>
 <function name='xmlreader::xml' from='PHP 5 &gt;= 5.1.2'/>
</versions>

<!-- Keep this comment at the end of the file
Local variables:
mode: sgml
sgml-omittag:t
sgml-shorttag:t
sgml-minimize-attributes:nil
sgml-always-quote-attributes:t
sgml-indent-step:1
sgml-indent-data:t
indent-tabs-mode:nil
sgml-parent-document:nil
sgml-default-dtd-file:"../../../manual.ced"
sgml-exposed-tags:nil
sgml-local-catalogs:nil
sgml-local-ecat-files:nil
End:
vim600: syn=xml fen fdm=syntax fdl=2 si
vim: et tw=78 syn=sgml
vi: ts=1 sw=1
-->