<?xml version='1.0' encoding='utf-8'?>
<!-- $Revision: 1.1 $ -->
<!--
  Do NOT translate this file
-->
<versions>
 <function name='tidy_access_count' from='PHP 5, PECL tidy &gt;= 0.5.2'/>
 <function name='tidy_clean_repair' from='PHP 5, PECL tidy &gt;= 0.5.2'/>
 <function name='tidy_config_count' from='PHP 5, PECL tidy &gt;= 0.5.2'/>
 <function name='tidy_create' from='PECL tidy 0.5.2-0.5.3'/>
 <function name='tidy_diagnose' from='PHP 5, PECL tidy &gt;= 0.5.2'/>
 <function name='tidy_error_count' from='PHP 5, PECL tidy &gt;= 0.5.2'/>
 <function name='tidy_get_body' from='PHP 5, PECL tidy 0.5.2-1.0'/>
 <function name='tidy_get_config' from='PHP 5, PECL tidy &gt;= 0.7.0'/>
 <function name='tidy_get_error_buffer' from='PHP 5, PECL tidy &gt;= 0.5.2'/>
 <function name='tidy_get_head' from='PHP 5, PECL tidy 0.5.2-1.0.0'/>
 <function name='tidy_get_html' from='PHP 5, PECL tidy 0.5.2-1.0.0'/>
 <function name='tidy_get_html_ver' from='PHP 5, PECL tidy &gt;= 0.5.2'/>
 <function name='tidy_get_opt_doc' from='PHP 5 &gt;= 5.1.0'/>
 <function name='tidy_get_output' from='PHP 5, PECL tidy &gt;= 0.5.2'/>
 <function name='tidy_get_release' from='PHP 5, PECL tidy &gt;= 0.5.2'/>
 <function name='tidy_get_root' from='PHP 5, PECL tidy 0.5.2-1.0.0'/>
 <function name='tidy_get_status' from='PHP 5, PECL tidy &gt;= 0.5.2'/>
 <function name='tidy_getopt' from='PHP 5, PECL tidy &gt;= 0.5.2'/>
 <function name='tidy_is_xhtml' from='PHP 5, PECL tidy &gt;= 0.5.2'/>
 <function name='tidy_is_xml' from='PHP 5, PECL tidy &gt;= 0.5.2'/>
 <function name='tidy_load_config' from='PECL tidy &gt;= 0.5.2'/>
 <function name='tidy_load_config_enc' from='PECL tidy &gt;= 0.5.2'/>

 <!-- From PHP 4 and early PECL Tidy days -->
 <function name='tidy_node::attributes' from='PECL tidy 0.7-1.0'/>
 <function name='tidy_node::children' from='PECL tidy 0.7-1.0'/>
 <function name='tidy_node::get_attr' from='PECL tidy 0.7-1.0'/>
 <function name='tidy_node::get_nodes' from='PECL tidy 0.7-1.0'/>
 <function name='tidy_node::has_children' from='PECL tidy 0.7-1.0'/>
 <function name='tidy_node::has_siblings' from='PECL tidy 0.7-1.0'/>
 <function name='tidy_node::haschildren' from='PHP 5 &lt; 5.0.0'/>
 <function name='tidy_node::hassiblings' from='PHP 5 &lt; 5.0.0'/>
 <function name='tidy_node::is_asp' from='PECL tidy 0.7-1.0'/>
 <function name='tidy_node::is_comment' from='PECL tidy 0.7-1.0'/>
 <function name='tidy_node::is_html' from='PECL tidy 0.7-1.0'/>
 <function name='tidy_node::is_jsp' from='PECL tidy 0.7-1.0'/>
 <function name='tidy_node::is_jste' from='PECL tidy 0.7-1.0'/>
 <function name='tidy_node::is_text' from='PECL tidy 0.7-1.0'/>
 <function name='tidy_node::is_xhtml' from='PECL tidy 0.7-1.0'/>
 <function name='tidy_node::is_xml' from='PECL tidy 0.7-1.0'/>
 <function name='tidy_node::isasp' from='PHP 5 &lt; 5.0.0'/>
 <function name='tidy_node::iscomment' from='PHP 5 &lt; 5.0.0'/>
 <function name='tidy_node::ishtml' from='PHP 5 &lt; 5.0.0'/>
 <function name='tidy_node::isjste' from='PHP 5 &lt; 5.0.0'/>
 <function name='tidy_node::isphp' from='PHP 5 &lt; 5.0.0'/>
 <function name='tidy_node::istext' from='PHP 5 &lt; 5.0.0'/>
 <function name='tidy_node::isxhtml' from='PHP 5 &lt; 5.0.0'/>
 <function name='tidy_node::isxml' from='PHP 5 &lt; 5.0.0'/>
 <function name='tidy_node::next' from='PECL tidy 0.7-1.0'/>
 <function name='tidy_node::prev' from='PECL tidy 0.7-1.0'/>
 <function name='tidy_node::tidy_node' from='PHP 5 &lt; 5.0.0, PECL tidy 0.7-1.0'/>

 <function name='tidy_parse_file' from='PHP 5, PECL tidy &gt;= 0.5.2'/>
 <function name='tidy_parse_string' from='PHP 5, PECL tidy &gt;= 0.5.2'/>
 <function name='tidy_repair_file' from='PHP 5, PECL tidy &gt;= 0.7.0'/>
 <function name='tidy_repair_string' from='PHP 5, PECL tidy &gt;= 0.7.0'/>
 <function name='tidy_reset_config' from='PECL tidy &gt;= 0.7.0'/>
 <function name='tidy_save_config' from='PECL tidy &gt;= 0.5.2'/>
 <function name='tidy_set_encoding' from='PECL tidy &gt;= 0.5.2'/>
 <function name='tidy_setopt' from='PECL tidy &gt;= 0.5.2'/>
 <function name='tidy_warning_count' from='PHP 5, PECL tidy &gt;= 0.5.2'/>

 <function name='tidynode::getparent' from='PHP 5 &gt;= 5.2.2'/>
 <function name='tidynode::haschildren' from='PHP 5 &gt;= 5.0.1'/>
 <function name='tidynode::hassiblings' from='PHP 5 &gt;= 5.0.1'/>
 <function name='tidynode::isasp' from='PHP 5 &gt;= 5.0.1'/>
 <function name='tidynode::iscomment' from='PHP 5 &gt;= 5.0.1'/>
 <function name='tidynode::ishtml' from='PHP 5 &gt;= 5.0.1'/>
 <function name='tidynode::isjste' from='PHP 5 &gt;= 5.0.1'/>
 <function name='tidynode::isphp' from='PHP 5 &gt;= 5.0.1'/>
 <function name='tidynode::istext' from='PHP 5 &gt;= 5.0.1'/>
 <function name='tidynode::isxhtml' from='PHP 5 &gt;= 5.0.1'/>
 <function name='tidynode::isxml' from='PHP 5 &gt;= 5.0.1'/>
</versions>

<!-- Keep this comment at the end of the file
Local variables:
mode: sgml
sgml-omittag:t
sgml-shorttag:t
sgml-minimize-attributes:nil
sgml-always-quote-attributes:t
sgml-indent-step:1
sgml-indent-data:t
indent-tabs-mode:nil
sgml-parent-document:nil
sgml-default-dtd-file:"../../../manual.ced"
sgml-exposed-tags:nil
sgml-local-catalogs:nil
sgml-local-ecat-files:nil
End:
vim600: syn=xml fen fdm=syntax fdl=2 si
vim: et tw=78 syn=sgml
vi: ts=1 sw=1
-->