<?xml version='1.0' encoding='utf-8'?>
<!-- $Revision: 1.1 $ -->
<!--
  Do NOT translate this file
-->
<versions>
 <function name='bzwrite' from='PHP 4 &gt;= 4.0.4, PHP 5'/>
 <function name='bzflush' from='PHP 4 &gt;= 4.0.4, PHP 5'/>
 <function name='bzclose' from='PHP 4 &gt;= 4.0.4, PHP 5'/>
 <function name='bzread' from='PHP 4 &gt;= 4.0.4, PHP 5'/>
 <function name='bzopen' from='PHP 4 &gt;= 4.0.4, PHP 5'/>
 <function name='bzerrno' from='PHP 4 &gt;= 4.0.4, PHP 5'/>
 <function name='bzerrstr' from='PHP 4 &gt;= 4.0.4, PHP 5'/>
 <function name='bzerror' from='PHP 4 &gt;= 4.0.4, PHP 5'/>
 <function name='bzcompress' from='PHP 4 &gt;= 4.0.4, PHP 5'/>
 <function name='bzdecompress' from='PHP 4 &gt;= 4.0.4, PHP 5'/>
</versions>

<!-- Keep this comment at the end of the file
Local variables:
mode: sgml
sgml-omittag:t
sgml-shorttag:t
sgml-minimize-attributes:nil
sgml-always-quote-attributes:t
sgml-indent-step:1
sgml-indent-data:t
indent-tabs-mode:nil
sgml-parent-document:nil
sgml-default-dtd-file:"../../../manual.ced"
sgml-exposed-tags:nil
sgml-local-catalogs:nil
sgml-local-ecat-files:nil
End:
vim600: syn=xml fen fdm=syntax fdl=2 si
vim: et tw=78 syn=sgml
vi: ts=1 sw=1
-->