<?xml version='1.0' encoding='utf-8'?>
<!-- $Revision: 1.1 $ -->
<!--
  Do NOT translate this file
-->
<versions>
 <function name='simplexml_import_dom' from='PHP 5'/>
 <function name='simplexml_load_file' from='PHP 5'/>
 <function name='simplexml_load_string' from='PHP 5'/>

 <function name='simplexmlelement::addattribute' from='PHP 5 &gt;= 5.1.3'/>
 <function name='simplexmlelement::addchild' from='PHP 5 &gt;= 5.1.3'/>
 <function name='simplexmlelement::asxml' from='PHP 5 &gt;= 5.0.1'/>
 <function name='simplexmlelement::attributes' from='PHP 5 &gt;= 5.0.1'/>
 <function name='simplexmlelement::children' from='PHP 5 &gt;= 5.0.1'/>
 <function name='simplexmlelement::getdocnamespaces' from='PHP 5 &gt;= 5.1.2'/>
 <function name='simplexmlelement::getname' from='PHP 5 &gt;= 5.1.3'/>
 <function name='simplexmlelement::getnamespaces' from='PHP 5 &gt;= 5.1.2'/>
 <function name='simplexmlelement::registerxpathnamespace' from='PHP 5 &gt;= 5.2.0'/>
 <function name='simplexmlelement::xpath' from='PHP 5 &gt;= 5.2.0'/>

 <function name='simplexmliterator::count' from='PHP 5 &gt;= 5.1.3'/>
 <function name='simplexmliterator::current' from='PHP 5 &gt;= 5.1.3'/>
 <function name='simplexmliterator::getchildren' from='PHP 5 &gt;= 5.1.3'/>
 <function name='simplexmliterator::haschildren' from='PHP 5 &gt;= 5.1.3'/>
 <function name='simplexmliterator::key' from='PHP 5 &gt;= 5.1.3'/>
 <function name='simplexmliterator::next' from='PHP 5 &gt;= 5.1.3'/>
 <function name='simplexmliterator::rewind' from='PHP 5 &gt;= 5.1.3'/>
 <function name='simplexmliterator::valid' from='PHP 5 &gt;= 5.1.3'/>
</versions>

<!-- Keep this comment at the end of the file
Local variables:
mode: sgml
sgml-omittag:t
sgml-shorttag:t
sgml-minimize-attributes:nil
sgml-always-quote-attributes:t
sgml-indent-step:1
sgml-indent-data:t
indent-tabs-mode:nil
sgml-parent-document:nil
sgml-default-dtd-file:"../../../manual.ced"
sgml-exposed-tags:nil
sgml-local-catalogs:nil
sgml-local-ecat-files:nil
End:
vim600: syn=xml fen fdm=syntax fdl=2 si
vim: et tw=78 syn=sgml
vi: ts=1 sw=1
-->