<?xml version='1.0' encoding='utf-8'?>
<!-- $Revision: 1.1 $ -->
<!--
  Do NOT translate this file
-->
<!--
 FIXME: Discuss how/where to keep PDO version info...
-->
<versions>
 <function name='pdo::__construct' from='PHP 5 &gt;= 5.1.0, PECL pdo &gt;= 0.1.0'/>
 <function name='pdo::__sleep' from='PHP 5 &gt;= 5.1.0, PECL pdo &gt;= 1.0.0'/>
 <function name='pdo::__wakeup' from='PHP 5 &gt;= 5.1.0, PECL pdo &gt;= 1.0.0'/>
 <function name='pdo::begintransaction' from='PHP 5 &gt;= 5.1.0, PECL pdo &gt;= 0.1.0'/>
 <function name='pdo::commit' from='PHP 5 &gt;= 5.1.0, PECL pdo &gt;= 0.1.0'/>
 <function name='pdo::errorcode' from='PHP 5 &gt;= 5.1.0, PECL pdo &gt;= 0.1.0'/>
 <function name='pdo::errorinfo' from='PHP 5 &gt;= 5.1.0, PECL pdo &gt;= 0.1.0'/>
 <function name='pdo::exec' from='PHP 5 &gt;= 5.1.0, PECL pdo &gt;= 0.1.0'/>
 <function name='pdo::getattribute' from='PHP 5 &gt;= 5.1.0, PECL pdo &gt;= 0.2.0'/>
 <function name='pdo::lastinsertid' from='PHP 5 &gt;= 5.1.0, PECL pdo &gt;= 0.1.0'/>
 <function name='pdo::pgsqllobcreate' from='PHP 5 &gt;= 5.1.2, PECL pdo_pgsql &gt;= 1.0.2'/>
 <function name='pdo::pgsqllobopen' from='PHP 5 &gt;= 5.1.2, PECL pdo_pgsql &gt;= 1.0.2'/>
 <function name='pdo::pgsqllobunlink' from='PHP 5 &gt;= 5.1.2, PECL pdo_pgsql &gt;= 1.0.2'/>
 <function name='pdo::prepare' from='PHP 5 &gt;= 5.1.0, PECL pdo &gt;= 0.1.0'/>
 <function name='pdo::query' from='PHP 5 &gt;= 5.1.0, PECL pdo &gt;= 0.2.0'/>
 <function name='pdo::quote' from='PHP 5 &gt;= 5.1.0, PECL pdo &gt;= 0.2.1'/>
 <function name='pdo::rollback' from='PHP 5 &gt;= 5.1.0, PECL pdo &gt;= 0.1.0'/>
 <function name='pdo::setattribute' from='PHP 5 &gt;= 5.1.0, PECL pdo &gt;= 0.1.0'/>

 <function name='pdo_drivers' from='PHP 5 &gt;= 5.1.0, PECL pdo &gt;= 0.9.0'/>

 <function name='pdo_user::parsesql' from='PECL pdo_user &gt;= 0.2.0'/>
 <function name='pdo_user::tokenizesql' from='PECL pdo_user &gt;= 0.2.0'/>
 <function name='pdo_user::tokenname' from='PECL pdo_user &gt;= 0.2.0'/>

 <function name='pdostatement::__sleep' from='PHP 5 &gt;= 5.1.0, PECL pdo &gt;= 1.0.0'/>
 <function name='pdostatement::__wakeup' from='PHP 5 &gt;= 5.1.0, PECL pdo &gt;= 1.0.0'/>
 <function name='pdostatement::bindcolumn' from='PHP 5 &gt;= 5.1.0, PECL pdo &gt;= 0.1.0'/>
 <function name='pdostatement::bindparam' from='PHP 5 &gt;= 5.1.0, PECL pdo &gt;= 0.1.0'/>
 <function name='pdostatement::bindvalue' from='PHP 5 &gt;= 5.1.0, PECL pdo &gt;= 1.0.0'/>
 <function name='pdostatement::closecursor' from='PHP 5 &gt;= 5.1.0, PECL pdo &gt;= 0.9.0'/>
 <function name='pdostatement::columncount' from='PHP 5 &gt;= 5.1.0, PECL pdo &gt;= 0.2.0'/>
 <function name='pdostatement::debugdumpparams' from='PHP 5 &gt;= 5.1.0, PECL pdo &gt;= 0.9.0'/>
 <function name='pdostatement::errorcode' from='PHP 5 &gt;= 5.1.0, PECL pdo &gt;= 0.1.0'/>
 <function name='pdostatement::errorinfo' from='PHP 5 &gt;= 5.1.0, PECL pdo &gt;= 0.1.0'/>
 <function name='pdostatement::execute' from='PHP 5 &gt;= 5.1.0, PECL pdo &gt;= 0.1.0'/>
 <function name='pdostatement::fetch' from='PHP 5 &gt;= 5.1.0, PECL pdo &gt;= 0.1.0'/>
 <function name='pdostatement::fetchall' from='PHP 5 &gt;= 5.1.0, PECL pdo &gt;= 0.1.0'/>
 <function name='pdostatement::fetchcolumn' from='PHP 5 &gt;= 5.1.0, PECL pdo &gt;= 0.9.0'/>
 <function name='pdostatement::fetchobject' from='PHP 5 &gt;= 5.1.0, PECL pdo &gt;= 0.2.4'/>
 <function name='pdostatement::fetchsingle' from='PECL pdo 0.1-0.3'/>
 <function name='pdostatement::getattribute' from='PHP 5 &gt;= 5.1.0, PECL pdo &gt;= 0.2.0'/>
 <function name='pdostatement::getcolumnmeta' from='PHP 5 &gt;= 5.1.0, PECL pdo &gt;= 0.2.0'/>
 <function name='pdostatement::nextrowset' from='PHP 5 &gt;= 5.1.0, PECL pdo &gt;= 0.2.0'/>
 <function name='pdostatement::rowcount' from='PHP 5 &gt;= 5.1.0, PECL pdo &gt;= 0.1.0'/>
 <function name='pdostatement::setattribute' from='PHP 5 &gt;= 5.1.0, PECL pdo &gt;= 0.2.0'/>
 <function name='pdostatement::setfetchmode' from='PHP 5 &gt;= 5.1.0, PECL pdo &gt;= 0.2.0'/>
</versions>

<!-- Keep this comment at the end of the file
Local variables:
mode: sgml
sgml-omittag:t
sgml-shorttag:t
sgml-minimize-attributes:nil
sgml-always-quote-attributes:t
sgml-indent-step:1
sgml-indent-data:t
indent-tabs-mode:nil
sgml-parent-document:nil
sgml-default-dtd-file:"../../../manual.ced"
sgml-exposed-tags:nil
sgml-local-catalogs:nil
sgml-local-ecat-files:nil
End:
vim600: syn=xml fen fdm=syntax fdl=2 si
vim: et tw=78 syn=sgml
vi: ts=1 sw=1
-->