<?xml version='1.0' encoding='utf-8'?>
<!-- $Revision: 1.1 $ -->
<!--
  Do NOT translate this file
-->
<!--
 FIXME: OOPify
-->
<versions>
 <function name='xmlwriter_end_attribute' from='PHP 5 &gt;= 5.1.2, PECL xmlwriter &gt;= 0.1.0'/>
 <function name='xmlwriter_end_cdata' from='PHP 5 &gt;= 5.1.2, PECL xmlwriter &gt;= 0.1.0'/>
 <function name='xmlwriter_end_comment' from='PHP 5 &gt;= 5.1.2, PECL xmlwriter &gt;= 1.0.0'/>
 <function name='xmlwriter_end_document' from='PHP 5 &gt;= 5.1.2, PECL xmlwriter &gt;= 0.1.0'/>
 <function name='xmlwriter_end_dtd' from='PHP 5 &gt;= 5.1.2, PECL xmlwriter &gt;= 0.1.0'/>
 <function name='xmlwriter_end_dtd_attlist' from='PHP 5 &gt;= 5.1.2, PECL xmlwriter &gt;= 0.1.0'/>
 <function name='xmlwriter_end_dtd_element' from='PHP 5 &gt;= 5.1.2, PECL xmlwriter &gt;= 0.1.0'/>
 <function name='xmlwriter_end_dtd_entity' from='PHP 5 &gt;= 5.1.2, PECL xmlwriter &gt;= 0.1.0'/>
 <function name='xmlwriter_end_element' from='PHP 5 &gt;= 5.1.2, PECL xmlwriter &gt;= 0.1.0'/>
 <function name='xmlwriter_end_pi' from='PHP 5 &gt;= 5.1.2, PECL xmlwriter &gt;= 0.1.0'/>
 <function name='xmlwriter_flush' from='PHP 5 &gt;= 5.1.2, PECL xmlwriter &gt;= 1.0.0'/>
 <function name='xmlwriter_full_end_element' from='PHP 5 &gt;= 5.2.0, PECL xmlwriter &gt;= 2.0.4'/>
 <function name='xmlwriter_open_memory' from='PHP 5 &gt;= 5.1.2, PECL xmlwriter &gt;= 0.1.0'/>
 <function name='xmlwriter_open_uri' from='PHP 5 &gt;= 5.1.2, PECL xmlwriter &gt;= 0.1.0'/>
 <function name='xmlwriter_output_memory' from='PHP 5 &gt;= 5.1.2, PECL xmlwriter &gt;= 0.1.0'/>
 <function name='xmlwriter_set_indent' from='PHP 5 &gt;= 5.1.2, PECL xmlwriter &gt;= 0.1.0'/>
 <function name='xmlwriter_set_indent_string' from='PHP 5 &gt;= 5.1.2, PECL xmlwriter &gt;= 0.1.0'/>
 <function name='xmlwriter_start_attribute' from='PHP 5 &gt;= 5.1.2, PECL xmlwriter &gt;= 0.1.0'/>
 <function name='xmlwriter_start_attribute_ns' from='PHP 5 &gt;= 5.1.2, PECL xmlwriter &gt;= 0.1.0'/>
 <function name='xmlwriter_start_cdata' from='PHP 5 &gt;= 5.1.2, PECL xmlwriter &gt;= 0.1.0'/>
 <function name='xmlwriter_start_comment' from='PHP 5 &gt;= 5.1.2, PECL xmlwriter &gt;= 1.0.0'/>
 <function name='xmlwriter_start_document' from='PHP 5 &gt;= 5.1.2, PECL xmlwriter &gt;= 0.1.0'/>
 <function name='xmlwriter_start_dtd' from='PHP 5 &gt;= 5.1.2, PECL xmlwriter &gt;= 0.1.0'/>
 <function name='xmlwriter_start_dtd_attlist' from='PHP 5 &gt;= 5.1.2, PECL xmlwriter &gt;= 0.1.0'/>
 <function name='xmlwriter_start_dtd_element' from='PHP 5 &gt;= 5.1.2, PECL xmlwriter &gt;= 0.1.0'/>
 <function name='xmlwriter_start_dtd_entity' from='PHP 5 &gt;= 5.1.2, PECL xmlwriter &gt;= 0.1.0'/>
 <function name='xmlwriter_start_element' from='PHP 5 &gt;= 5.1.2, PECL xmlwriter &gt;= 0.1.0'/>
 <function name='xmlwriter_start_element_ns' from='PHP 5 &gt;= 5.1.2, PECL xmlwriter &gt;= 0.1.0'/>
 <function name='xmlwriter_start_pi' from='PHP 5 &gt;= 5.1.2, PECL xmlwriter &gt;= 0.1.0'/>
 <function name='xmlwriter_text' from='PHP 5 &gt;= 5.1.2, PECL xmlwriter &gt;= 0.1.0'/>
 <function name='xmlwriter_write_attribute' from='PHP 5 &gt;= 5.1.2, PECL xmlwriter &gt;= 0.1.0'/>
 <function name='xmlwriter_write_attribute_ns' from='PHP 5 &gt;= 5.1.2, PECL xmlwriter &gt;= 0.1.0'/>
 <function name='xmlwriter_write_cdata' from='PHP 5 &gt;= 5.1.2, PECL xmlwriter &gt;= 0.1.0'/>
 <function name='xmlwriter_write_comment' from='PHP 5 &gt;= 5.1.2, PECL xmlwriter &gt;= 0.1.0'/>
 <function name='xmlwriter_write_dtd' from='PHP 5 &gt;= 5.1.2, PECL xmlwriter &gt;= 0.1.0'/>
 <function name='xmlwriter_write_dtd_attlist' from='PHP 5 &gt;= 5.1.2, PECL xmlwriter &gt;= 0.1.0'/>
 <function name='xmlwriter_write_dtd_element' from='PHP 5 &gt;= 5.1.2, PECL xmlwriter &gt;= 0.1.0'/>
 <function name='xmlwriter_write_dtd_entity' from='PHP 5 &gt;= 5.1.2, PECL xmlwriter &gt;= 0.1.0'/>
 <function name='xmlwriter_write_element' from='PHP 5 &gt;= 5.1.2, PECL xmlwriter &gt;= 0.1.0'/>
 <function name='xmlwriter_write_element_ns' from='PHP 5 &gt;= 5.1.2, PECL xmlwriter &gt;= 0.1.0'/>
 <function name='xmlwriter_write_pi' from='PHP 5 &gt;= 5.1.2, PECL xmlwriter &gt;= 0.1.0'/>
 <function name='xmlwriter_write_raw' from='PHP 5 &gt;= 5.2.0, PECL xmlwriter &gt;= 2.0.4'/>
</versions>

<!-- Keep this comment at the end of the file
Local variables:
mode: sgml
sgml-omittag:t
sgml-shorttag:t
sgml-minimize-attributes:nil
sgml-always-quote-attributes:t
sgml-indent-step:1
sgml-indent-data:t
indent-tabs-mode:nil
sgml-parent-document:nil
sgml-default-dtd-file:"../../../manual.ced"
sgml-exposed-tags:nil
sgml-local-catalogs:nil
sgml-local-ecat-files:nil
End:
vim600: syn=xml fen fdm=syntax fdl=2 si
vim: et tw=78 syn=sgml
vi: ts=1 sw=1
-->