<?xml version='1.0' encoding='utf-8'?>
<!-- $Revision: 1.1 $ -->
<!--
  Do NOT translate this file
-->
<!--
 NOTE: Version info for the MySQL PECL Extension (1.0) is
       considered irrelevant so is not listed here.
-->
<versions>
 <function name='mysql' from='PHP 4, PHP 5'/>
 <function name='mysql_affected_rows' from='PHP 4, PHP 5'/>
 <function name='mysql_client_encoding' from='PHP 4 &gt;= 4.3.0, PHP 5'/>
 <function name='mysql_close' from='PHP 4, PHP 5'/>
 <function name='mysql_connect' from='PHP 4, PHP 5'/>
 <function name='mysql_create_db' from='PHP 4, PHP 5'/>
 <function name='mysql_createdb' from='PHP 4, PHP 5 &lt;= 5.1.6'/>
 <function name='mysql_data_seek' from='PHP 4, PHP 5'/>
 <function name='mysql_db_name' from='PHP 4, PHP 5'/>
 <function name='mysql_db_query' from='PHP 4, PHP 5'/>
 <function name='mysql_dbname' from='PHP 4, PHP 5'/>
 <function name='mysql_drop_db' from='PHP 4, PHP 5'/>
 <function name='mysql_dropdb' from='PHP 4, PHP 5 &lt;= 5.1.6'/>
 <function name='mysql_errno' from='PHP 4, PHP 5'/>
 <function name='mysql_error' from='PHP 4, PHP 5'/>
 <function name='mysql_escape_string' from='PHP 4 &gt;= 4.0.3, PHP 5'/>
 <function name='mysql_fetch_array' from='PHP 4, PHP 5'/>
 <function name='mysql_fetch_assoc' from='PHP 4 &gt;= 4.0.3, PHP 5'/>
 <function name='mysql_fetch_field' from='PHP 4, PHP 5'/>
 <function name='mysql_fetch_lengths' from='PHP 4, PHP 5'/>
 <function name='mysql_fetch_object' from='PHP 4, PHP 5'/>
 <function name='mysql_fetch_row' from='PHP 4, PHP 5'/>
 <function name='mysql_field_flags' from='PHP 4, PHP 5'/>
 <function name='mysql_field_len' from='PHP 4, PHP 5'/>
 <function name='mysql_field_name' from='PHP 4, PHP 5'/>
 <function name='mysql_field_seek' from='PHP 4, PHP 5'/>
 <function name='mysql_field_table' from='PHP 4, PHP 5'/>
 <function name='mysql_field_type' from='PHP 4, PHP 5'/>
 <function name='mysql_fieldflags' from='PHP 4, PHP 5'/>
 <function name='mysql_fieldlen' from='PHP 4, PHP 5'/>
 <function name='mysql_fieldname' from='PHP 4, PHP 5'/>
 <function name='mysql_fieldtable' from='PHP 4, PHP 5'/>
 <function name='mysql_fieldtype' from='PHP 4, PHP 5'/>
 <function name='mysql_free_result' from='PHP 4, PHP 5'/>
 <function name='mysql_freeresult' from='PHP 4, PHP 5'/>
 <function name='mysql_get_client_info' from='PHP 4 &gt;= 4.0.5, PHP 5'/>
 <function name='mysql_get_host_info' from='PHP 4 &gt;= 4.0.5, PHP 5'/>
 <function name='mysql_get_proto_info' from='PHP 4 &gt;= 4.0.5, PHP 5'/>
 <function name='mysql_get_server_info' from='PHP 4 &gt;= 4.0.5, PHP 5'/>
 <function name='mysql_info' from='PHP 4 &gt;= 4.3.0, PHP 5'/>
 <function name='mysql_insert_id' from='PHP 4, PHP 5'/>
 <function name='mysql_list_dbs' from='PHP 4, PHP 5'/>
 <function name='mysql_list_fields' from='PHP 4, PHP 5'/>
 <function name='mysql_list_processes' from='PHP 4 &gt;= 4.3.0, PHP 5'/>
 <function name='mysql_list_tables' from='PHP 4, PHP 5'/>
 <function name='mysql_listdbs' from='PHP 4, PHP 5'/>
 <function name='mysql_listfields' from='PHP 4, PHP 5'/>
 <function name='mysql_listtables' from='PHP 4, PHP 5 &lt;= 5.1.6'/>
 <function name='mysql_num_fields' from='PHP 4, PHP 5'/>
 <function name='mysql_num_rows' from='PHP 4, PHP 5'/>
 <function name='mysql_numfields' from='PHP 4, PHP 5'/>
 <function name='mysql_numrows' from='PHP 4, PHP 5'/>
 <function name='mysql_pconnect' from='PHP 4, PHP 5'/>
 <function name='mysql_ping' from='PHP 4 &gt;= 4.3.0, PHP 5'/>
 <function name='mysql_query' from='PHP 4, PHP 5'/>
 <function name='mysql_real_escape_string' from='PHP 4 &gt;= 4.3.0, PHP 5'/>
 <function name='mysql_result' from='PHP 4, PHP 5'/>
 <function name='mysql_select_db' from='PHP 4, PHP 5'/>
 <function name='mysql_selectdb' from='PHP 4, PHP 5'/>
 <function name='mysql_set_charset' from='PHP 5 &gt;= 5.2.3'/>
 <function name='mysql_stat' from='PHP 4 &gt;= 4.3.0, PHP 5'/>
 <function name='mysql_table_name' from='PHP 4 &gt;= 4.3.0, PHP 5'/>
 <function name='mysql_tablename' from='PHP 4, PHP 5'/>
 <function name='mysql_thread_id' from='PHP 4 &gt;= 4.3.0, PHP 5'/>
 <function name='mysql_unbuffered_query' from='PHP 4 &gt;= 4.0.6, PHP 5'/>
</versions>

<!-- Keep this comment at the end of the file
Local variables:
mode: sgml
sgml-omittag:t
sgml-shorttag:t
sgml-minimize-attributes:nil
sgml-always-quote-attributes:t
sgml-indent-step:1
sgml-indent-data:t
indent-tabs-mode:nil
sgml-parent-document:nil
sgml-default-dtd-file:"../../../manual.ced"
sgml-exposed-tags:nil
sgml-local-catalogs:nil
sgml-local-ecat-files:nil
End:
vim600: syn=xml fen fdm=syntax fdl=2 si
vim: et tw=78 syn=sgml
vi: ts=1 sw=1
-->